nombre_medicion,Di (mm),Df (mm),ΔD (mm),D(T) (mm),T_63 (s)
2025-07-15_S_22_0.03,0.213199,0.3,0.08680099999999999,0.280624,160.95699977874756
