nombre_medicion,Di (mm),Df (mm),ΔD (mm),D(T) (mm),T_63 (s)
2025-07-15_S_24_0.00,0.426747,0.5,0.07325300000000001,0.492026,1364.6530001163483
