nombre_medicion,Di (mm),Df (mm),ΔD (mm),D(T) (mm),T_63 (s)
2025-07-15_S_24_0.00,0.426747,0.36,-0.066747,0.492026,726.4019999504089
