nombre_medicion,Di (mm),Df (mm),ΔD (mm),D(T) (mm),T_63 (s)
2025-07-15_S_22_0.00,0.212166,0.28,0.06783400000000003,0.493862,420.50499987602234
